Workbook

Sheet Executive Summary & Register
A1: AM/NS INDIA - PUNE FACILITY
A2: GAS HAZARDOUS AREA MASTER SAFETY REGISTER & HAZARD CONTROL MATRIX
A4: TOTAL GAS HAZARD AREAS | C4: HIGH RISK AREAS | E4: MEDIUM RISK AREAS
A5: =COUNTA('Hazard Assessment Matrix'!B5:B20) | C5: =COUNTIF('Hazard Assessment Matrix'!N5:N20, "High") | E5: =COUNTIF('Hazard Assessment Matrix'!N5:N20, "Medium")
A8: Area ID | B8: Hazard Area Location | C8: Primary Gas Species | D8: Flammability | E8: Toxicity / Asphyxiation | F8: Hazard Zone Classification | G8: Overall Risk Level
A9: ='Hazard Assessment Matrix'!A5 | B9: ='Hazard Assessment Matrix'!B5 | C9: ='Hazard Assessment Matrix'!C5 | D9: ='Hazard Assessment Matrix'!D5 | E9: ='Hazard Assessment Matrix'!E5 | F9: ='Hazard Assessment Matrix'!F5 | G9: ='Hazard Assessment Matrix'!N5
A10: ='Hazard Assessment Matrix'!A6 | B10: ='Hazard Assessment Matrix'!B6 | C10: ='Hazard Assessment Matrix'!C6 | D10: ='Hazard Assessment Matrix'!D6 | E10: ='Hazard Assessment Matrix'!E6 | F10: ='Hazard Assessment Matrix'!F6 | G10: ='Hazard Assessment Matrix'!N6
A11: ='Hazard Assessment Matrix'!A7 | B11: ='Hazard Assessment Matrix'!B7 | C11: ='Hazard Assessment Matrix'!C7 | D11: ='Hazard Assessment Matrix'!D7 | E11: ='Hazard Assessment Matrix'!E7 | F11: ='Hazard Assessment Matrix'!F7 | G11: ='Hazard Assessment Matrix'!N7
A12: ='Hazard Assessment Matrix'!A8 | B12: ='Hazard Assessment Matrix'!B8 | C12: ='Hazard Assessment Matrix'!C8 | D12: ='Hazard Assessment Matrix'!D8 | E12: ='Hazard Assessment Matrix'!E8 | F12: ='Hazard Assessment Matrix'!F8 | G12: ='Hazard Assessment Matrix'!N8
A13: ='Hazard Assessment Matrix'!A9 | B13: ='Hazard Assessment Matrix'!B9 | C13: ='Hazard Assessment Matrix'!C9 | D13: ='Hazard Assessment Matrix'!D9 | E13: ='Hazard Assessment Matrix'!E9 | F13: ='Hazard Assessment Matrix'!F9 | G13: ='Hazard Assessment Matrix'!N9
A14: ='Hazard Assessment Matrix'!A10 | B14: ='Hazard Assessment Matrix'!B10 | C14: ='Hazard Assessment Matrix'!C10 | D14: ='Hazard Assessment Matrix'!D10 | E14: ='Hazard Assessment Matrix'!E10 | F14: ='Hazard Assessment Matrix'!F10 | G14: ='Hazard Assessment Matrix'!N10
A15: ='Hazard Assessment Matrix'!A11 | B15: ='Hazard Assessment Matrix'!B11 | C15: ='Hazard Assessment Matrix'!C11 | D15: ='Hazard Assessment Matrix'!D11 | E15: ='Hazard Assessment Matrix'!E11 | F15: ='Hazard Assessment Matrix'!F11 | G15: ='Hazard Assessment Matrix'!N11
A16: ='Hazard Assessment Matrix'!A12 | B16: ='Hazard Assessment Matrix'!B12 | C16: ='Hazard Assessment Matrix'!C12 | D16: ='Hazard Assessment Matrix'!D12 | E16: ='Hazard Assessment Matrix'!E12 | F16: ='Hazard Assessment Matrix'!F12 | G16: ='Hazard Assessment Matrix'!N12
A17: ='Hazard Assessment Matrix'!A13 | B17: ='Hazard Assessment Matrix'!B13 | C17: ='Hazard Assessment Matrix'!C13 | D17: ='Hazard Assessment Matrix'!D13 | E17: ='Hazard Assessment Matrix'!E13 | F17: ='Hazard Assessment Matrix'!F13 | G17: ='Hazard Assessment Matrix'!N13
A18: ='Hazard Assessment Matrix'!A14 | B18: ='Hazard Assessment Matrix'!B14 | C18: ='Hazard Assessment Matrix'!C14 | D18: ='Hazard Assessment Matrix'!D14 | E18: ='Hazard Assessment Matrix'!E14 | F18: ='Hazard Assessment Matrix'!F14 | G18: ='Hazard Assessment Matrix'!N14
A19: ='Hazard Assessment Matrix'!A15 | B19: ='Hazard Assessment Matrix'!B15 | C19: ='Hazard Assessment Matrix'!C15 | D19: ='Hazard Assessment Matrix'!D15 | E19: ='Hazard Assessment Matrix'!E15 | F19: ='Hazard Assessment Matrix'!F15 | G19: ='Hazard Assessment Matrix'!N15
A20: ='Hazard Assessment Matrix'!A16 | B20: ='Hazard Assessment Matrix'!B16 | C20: ='Hazard Assessment Matrix'!C16 | D20: ='Hazard Assessment Matrix'!D16 | E20: ='Hazard Assessment Matrix'!E16 | F20: ='Hazard Assessment Matrix'!F16 | G20: ='Hazard Assessment Matrix'!N16
... A24: ='Hazard Assessment Matrix'!A20 | B24: ='Hazard Assessment Matrix'!B20 | C24: ='Hazard Assessment Matrix'!C20 | D24: ='Hazard Assessment Matrix'!D20 | E24: ='Hazard Assessment Matrix'!E20 | F24: ='Hazard Assessment Matrix'!F20 | G24: ='Hazard Assessment Matrix'!N20
A26: * Note: Complete technical details, gas detection systems, interlocks, PPE, and SOP references are detailed in the 'Hazard Assessment Matrix' tab.

Sheet Hazard Assessment Matrix
A1: AM/NS INDIA PUNE - COMPREHENSIVE GAS HAZARD & SAFETY CONTROL MATRIX
A2: Mandatory Operational Safety Data Parameters for 16 Gas Hazardous Areas
A3: AREA IDENTIFICATION | C3: GAS HAZARD CHARACTERISTICS | H3: ENGINEERING CONTROLS & MITIGATION | L3: PROCEDURAL & PPE CONTROLS | N3: RISK
A4: Area ID | B4: Hazard Area Location | C4: Primary Gas Present | D4: Flammable? (Yes/No) | E4: Toxic / Asphyxiant? | F4: Hazard Zone / Area Class | G4: LEL / UEL / Exposure Limit | H4: Potential Ignition Sources | I4: Gas Detection System | J4: Safety Interlocks & Trips | K4: Ventilation Systems | L4: Mandatory PPE Requirements | M4: Applicable SOPs & Permits | N4: Risk Level
A5: HAZ-01 | B5: NG Yard | C5: Natural Gas (Methane CH4) | D5: Yes | E5: No (Asphyxiant) | F5: Zone 1 / Zone 2 | G5: 5.0% - 15.0% | H5: Electrical sparks, static, hot work, vehicles, lightning | I5: Fixed Gas Detectors (IR/Pellistor), Flame Detectors (UV/IR) | J5: Auto Shut-Off Valve (Solenoid/ESD), Pressure Safety Valve (PSV) | K5: Open-air Natural Ventilation, Explosion-proof forced air | L5: Antistatic FR Clothing, Safety Helmet, Safety Shoes, Portable LEL Detector | M5: SOP-NGY-001 (Gas Unloading), Permit to Work (Hot Work / CSE) | N5: High
A6: HAZ-02 | B6: Propane Yard | C6: Propane (C3H8) / LPG | D6: Yes | E6: No (Asphyxiant) | F6: Zone 0 / Zone 1 | G6: 2.1% - 9.5% | H6: Static charge, open flame, electrical switches, friction sparks | I6: Fixed Catalytic/IR Gas Detectors, Gas Cloud Detectors, Deluge Activation | J6: Emergency Shut-Down Valve (ESDV), Excess Flow Check Valve | K6: Low-level Natural/Forced Ventilation (Propane heavier than air) | L6: Antistatic FR Suit, Cryogenic/Heat Gloves, Portable Multi-gas Monitor | M6: SOP-PRP-002 (Bullet Tank Operations), Static Earthing Checklist | N6: High
A7: HAZ-03 | B7: Ammonia Yard | C7: Anhydrous Ammonia (NH3) | D7: Yes (High energy required) | E7: Yes (Highly Toxic/Corrosive) | F7: Zone 2 (Toxic Primary) | G7: 15.0% - 28.0% | STEL: 35 ppm | H7: High temp sources, static discharges, electrical arcs | I7: Fixed Electrochemical NH3 Gas Detectors, Water Curtain System | J7: Remote ESDV, Auto Water Spray Deluge on Leak Detection (>25 ppm) | K7: Forced Exhaust Air Scrubbers, Open Canopy Ventilation | L7: Chemical Suit (Level B/A), Ammonia Cartridge Respirator / SCBA | M7: SOP-AMN-003 (Ammonia Storage & Transfer), Toxic Leak ERP | N7: High
A8: HAZ-04 | B8: ARP Valve Stand | C8: RCL Gas / Hydrogen Chloride Gas / Fuel Gas | D8: Yes (Fuel component) | E8: Yes (Corrosive & Toxic) | F8: Zone 2 | G8: Varies by Fuel | HCl OEL: 2 ppm | H8: Flange leaks onto hot surfaces, electrical equipment, maintenance tools | I8: Fixed HCl & Combustible Gas Detectors | J8: Pneumatic Quick-Closing Shut-off Valves, Line Pressure Switch Interlock | K8: Local Exhaust Ventilation (LEV), Open Valve Station Canopy | L8: Acid-resistant Suit, Face Shield, Acid Gas Respirator, Antistatic Boots | M8: SOP-ARP-004 (Valve Stand Line Isolation), LOTO Procedure ARP-02 | N8: Medium
A9: HAZ-05 | B9: CGL1 Valve Stand | C9: NG / Mixed Fuel Gas / H2 Blend | D9: Yes | E9: Yes (CO presence in fuel gas) | F9: Zone 1 / Zone 2 | G9: 4.0% - 75.0% (Blend dependent) | H9: Hot pipes, valve flange friction, electrical control panels | I9: Fixed Gas Leak Detectors (Methane/H2/CO combo) | J9: Dual Block & Bleed Valve Assembly, Low Line Pressure Trip | K9: Mechanical Exhaust Ventilation in Enclosures | L9: FR Coveralls, Portable Gas Monitor (CO/LEL), Leather Impact Gloves | M9: SOP-CGL1-VS01 (Gas Skid Valve Operation), Flange Tightening Spec | N9: High
A10: HAZ-06 | B10: CGL2 Valve Stand | C10: NG / Mixed Fuel Gas / H2 Blend | D10: Yes | E10: Yes (CO presence in fuel gas) | F10: Zone 1 / Zone 2 | G10: 4.0% - 75.0% (Blend dependent) | H10: Hot pipes, electrical switches, non-spark proof tools during maintenance | I10: Fixed Gas Leak Detectors (Methane/H2/CO combo) | J10: Dual Block & Bleed Valve System, Automatic Safety Shutoff | K10: Forced Extraction Fans, Louvered Enclosure Wall | L10: FR Coveralls, Portable 4-Gas Detector, Antistatic Safety Shoes | M10: SOP-CGL2-VS01 (Gas Skid Main Valve Operation), LOTO Matrix | N10: High
A11: HAZ-07 | B11: CGL1 Furnace | C11: HNX Gas (H2/N2) / Natural Gas | D11: Yes | E11: Yes (CO byproduct / Nitrogen Asphyxiant) | F11: Zone 1 (Inside/Surrounding) | G11: 4.0% - 75.0% (H2 in HNX) | H11: Furnace Burners, Radiant Tubes, Heat Exchangers, Electrical Heaters | I11: Furnace Ambient H2/NG Detectors, Flame Scanners, O2 Analyzers | J11: Furnace Purge Interlock (N2 Purge before ignition), Flame Failure Switch | K11: Roof Extraction Canopy, Radiant Heat & Fume Exhaust Fans | L11: Aluminized Heat Suit / FR Garment, Multi-gas Detector, SCBA for entry | M11: SOP-CGL1-FRN01 (Furnace Light-up & Purging), Confined Space Permit | N11: High
A12: HAZ-08 | B12: CGL2 Furnace | C12: HNX Gas (H2/N2) / Natural Gas | D12: Yes | E12: Yes (CO byproduct / Nitrogen Asphyxiant) | F12: Zone 1 (Inside/Surrounding) | G12: 4.0% - 75.0% (H2 in HNX) | H12: Furnace Burners, High Temp Rollers, Hot Strip, Electrical Igniters | I12: Furnace Ambient H2/NG Detectors, Optical Flame Detectors, Combustible Monitors | J12: N2 Auto Purge Interlock, Gas Safety Shutoff Valve (GSSV), Temp High Trip | K12: High-capacity Roof Exhaust, Forced Draft Blowers | L12: Aluminized Heat Resistant FR Clothing, Portable H2/CO Detector | M12: SOP-CGL2-FRN01 (Furnace Start-up & HNX Purge), Hot Work Permit | N12: High
A13: HAZ-09 | B13: PSA Plant | C13: Hydrogen (H2) / Nitrogen (N2) | D13: Yes (H2 Stream) | E13: No (N2 Asphyxiant) | F13: Zone 0 (Adsorber Vessel) / Zone 1 | G13: 4.0% - 77.0% | H13: Extremely low ignition energy required for H2; static, electrical panels | I13: Fixed Ultrasonic Gas Leak Detectors, Catalytic H2 Sensors | J13: Automatic Pressure Relief Valves, High Pressure Trip ESD | K13: High Level Natural Ventilation (H2 rises rapidly), Explosive Proof Exhaust | L13: Antistatic FR Suit, Static-Discharge Safety Shoes, Personal Gas Monitor | M13: SOP-PSA-001 (PSA Bed Regeneration & Cycling), H2 Safety Guidelines | N13: High
A14: HAZ-10 | B14: CCL1 RTO | C14: Natural Gas / Solvent Vapors (VOCs) | D14: Yes | E14: Yes (VOCs & CO combustion gases) | F14: Zone 2 | G14: 1.1% - 7.0% (Solvent Vapors) / 5-15% (NG) | H14: Combustion Chamber Open Flame, Ceramic Beds, Exhaust Duct Hot Spots | I14: In-line LEL VOC Analyzers, NG Gas Leak Detectors, Flame Scanners | J14: High LEL Exhaust Diverter Damper, Auto Burner Trip on Loss of Flame | K14: Process Exhaust Fans, LEV Hoods over Coater Rooms | L14: FR Clothing, Organic Vapor Respirator, Leather Safety Gloves | M14: SOP-CCL1-RTO01 (RTO Preheat & Bypass Operations), VOC Monitoring | N14: Medium
A15: HAZ-11 | B15: CCL2 RTO | C15: Natural Gas / Solvent Vapors (VOCs) | D15: Yes | E15: Yes (VOCs & CO combustion gases) | F15: Zone 2 | G15: 1.1% - 7.0% (Solvent Vapors) / 5-15% (NG) | H15: Combustion Chamber Flame, Ceramic Heat Exchanger, High Temp Exhaust | I15: In-line Flame Ionization Detectors (FID) / LEL Sensors, UV Flame Sensors | J15: Emergency Fresh Air Damper Interlock, Low Combustion Air Pressure Trip | K15: RTO Main Draft Fans, Exhaust Duct Static Pressure Controllers | L15: FR Clothing, Organic Vapor Mask, Protective Eyewear, Steel Toe Boots | M15: SOP-CCL2-RTO01 (RTO Start/Stop Sequence), Coater Exhaust Safety | N15: Medium
... A20: HAZ-16 | B20: Boiler House | C20: Natural Gas / Flue Gas / CO | D20: Yes | E20: Yes (Carbon Monoxide in flue gas) | F20: Zone 2 | G20: 5.0% - 15.0% (NG) | CO LEL: 12.5% - 74% | H20: Boiler Main Burners, Pilot Flames, High Temp Steam Pipes, Electrical Controls | I20: Fixed NG Gas Sensors, Ambient CO Detectors, Stack Gas Analyzers (O2/CO) | J20: Boiler Master Fuel Trip (MFT), Pre-purge Interlock, Low Water Level Trip | K20: Forced Draft (FD) Fans, Induced Draft (ID) Fans, High Ceiling Louvers | L20: FR Clothing, Heat Gloves, Portable CO/LEL Dual Monitor, Ear Protection | M20: SOP-BLR-001 (Boiler Light-up & Purging), Steam Boiler Operating Code | N20: High

Sheet Safety Reference Guide
A1: GAS SAFETY REFERENCE MANUAL & PARAMETER GUIDE
A2: Definitions, Mandatory Safety Field Explanations & Area Classification Standards
A4: MANDATORY SAFETY PARAMETERS EXPLAINED
A5: Parameter Name | B5: Safety Category | C5: Description & Operational Importance | D5: Key Reference Standards
A6: Primary Gas Present | B6: Hazard ID | C6: Identifies the chemical composition of gases present (e.g., Methane, Propane, H2, NH3, CO). | D6: IS/IEC 60079-20-1
A7: Flammability & LEL/UEL | B7: Fire/Explosion | C7: Defines Lower & Upper Explosive Limits. Gas-air mixtures within this range can ignite explosively. | D7: NFPA 54 / IS 5572
A8: Toxicity / Asphyxiation | B8: Health Hazard | C8: Specifies Short-Term Exposure Limits (STEL/TWA) or asphyxiation hazards (O2 displacement). | D8: OSHA 1910.1000 / ACGIH
A9: Hazard Zone Class | B9: Area Class | C9: Zone 0 (Continuous risk), Zone 1 (Likely in normal operation), Zone 2 (Unlikely/Short duration). | D9: IS/IEC 60079-10-1
A10: Ignition Sources | B10: Prevention | C10: Identifies potential heat, electrical, static, or mechanical spark sources requiring control. | D10: NFPA 70 / IS 7000
A11: Gas Detection System | B11: Engineering Control | C11: Fixed sensors (IR, Catalytic, Electrochemical) for early gas leak warning at LEL/PPM thresholds. | D11: IS/IEC 60079-29-1
A12: Safety Interlocks & Trips | B12: Engineering Control | C12: Automated shutoff valves (ESDV/GSSV), trip switches, and deluge systems to isolate hazards. | D12: ISA 84 / IEC 61511 (SIL)
A13: Ventilation Systems | B13: Engineering Control | C13: Forced extraction, LEV, or natural ventilation to dilute gas leaks below flammable thresholds. | D13: NFPA 91 / ASHRAE
A14: Mandatory PPE Requirements | B14: Personal Protection | C14: FR clothing, antistatic boots, SCBA, toxic gas cartridges, and portable multi-gas detectors. | D14: OSHA 1910.132 / IS Standards
A15: Applicable SOPs & Permits | B15: Procedural Control | C15: Standard Operating Procedures, LOTO forms, Hot Work Permits, and Confined Space Permits. | D15: AM/NS Safety Management System
A18: HAZARDOUS AREA ZONE CLASSIFICATIONS (IS/IEC 60079)
A19: Zone Classification | B19: Presence of Explosive Gas Atmosphere | C19: Equipment Protection Level (EPL) | D19: Typical Plant Application
A20: Zone 0 | B20: Continuous, long periods, or frequently present (>1000 hrs/yr) | C20: Ga (Very High Protection) | D20: Inside gas pipes, vessel interiors, storage tanks
A21: Zone 1 | B21: Likely to occur in normal operation occasionally (10-1000 hrs/yr) | C21: Gb (High Protection) | D21: Adjacent to valve glands, sample points, burner fronts
A22: Zone 2 | B22: Not likely in normal operation; if occurs, persists briefly (<10 hrs/yr) | C22: Gc (Enhanced Protection) | D22: Outer yard areas, well-ventilated valve stands, piping runs
